<?xml version="1.0" encoding="UTF-8"?>
<metadata xml:lang="fi"><Esri><CreaDate>20220713</CreaDate><CreaTime>19402700</CreaTime><ArcGISFormat>1.0</ArcGISFormat><ArcGISstyle>Item Description</ArcGISstyle><SyncOnce>FALSE</SyncOnce><DataProperties><itemProps><itemName Sync="TRUE">Paajako</itemName><itemSize Sync="TRUE">3.241</itemSize><itemLocation><linkage Sync="TRUE">file://\\OY2012087\C$\Users\kghag20\OneDrive - Oulun yliopisto\20210104-Softwares\GIS_Database\OmaShapefiles\Temmes\TemmesBasin</linkage><protocol Sync="TRUE">Local Area Network</protocol></itemLocation><imsContentType Sync="TRUE">002</imsContentType><nativeExtBox><westBL Sync="TRUE">94624.517000</westBL><eastBL Sync="TRUE">758155.741000</eastBL><southBL Sync="TRUE">6637150.677000</southBL><northBL Sync="TRUE">7799346.973000</northBL><exTypeCode Sync="TRUE">1</exTypeCode></nativeExtBox></itemProps><coordRef><type Sync="TRUE">Projected</type><geogcsn Sync="TRUE">GCS_EUREF_FIN</geogcsn><csUnits Sync="TRUE">Linear Unit: Meter (1.000000)</csUnits><projcsn Sync="TRUE">EUREF_FIN_TM35FIN</projcsn><peXml Sync="TRUE">&lt;ProjectedCoordinateSystem xsi:type='typens:ProjectedCoordinateSystem' xmlns:xsi='http://www.w3.org/2001/XMLSchema-instance' xmlns:xs='http://www.w3.org/2001/XMLSchema' xmlns:typens='http://www.esri.com/schemas/ArcGIS/10.1'&gt;&lt;WKT&gt;PROJCS[&amp;quot;EUREF_FIN_TM35FIN&amp;quot;,GEOGCS[&amp;quot;GCS_EUREF_FIN&amp;quot;,DATUM[&amp;quot;D_ETRS_1989&amp;quot;,SPHEROID[&amp;quot;GRS_1980&amp;quot;,6378137.0,298.257222101]],PRIMEM[&amp;quot;Greenwich&amp;quot;,0.0],UNIT[&amp;quot;Degree&amp;quot;,0.0174532925199433]],PROJECTION[&amp;quot;Transverse_Mercator&amp;quot;],PARAMETER[&amp;quot;False_Easting&amp;quot;,500000.0],PARAMETER[&amp;quot;False_Northing&amp;quot;,0.0],PARAMETER[&amp;quot;Central_Meridian&amp;quot;,27.0],PARAMETER[&amp;quot;Scale_Factor&amp;quot;,0.9996],PARAMETER[&amp;quot;Latitude_Of_Origin&amp;quot;,0.0],UNIT[&amp;quot;Meter&amp;quot;,1.0],AUTHORITY[&amp;quot;EPSG&amp;quot;,3067]]&lt;/WKT&gt;&lt;XOrigin&gt;-5120900&lt;/XOrigin&gt;&lt;YOrigin&gt;-9998100&lt;/YOrigin&gt;&lt;XYScale&gt;450445547.3910538&lt;/XYScale&gt;&lt;ZOrigin&gt;-100000&lt;/ZOrigin&gt;&lt;ZScale&gt;10000&lt;/ZScale&gt;&lt;MOrigin&gt;-100000&lt;/MOrigin&gt;&lt;MScale&gt;10000&lt;/MScale&gt;&lt;XYTolerance&gt;0.001&lt;/XYTolerance&gt;&lt;ZTolerance&gt;0.001&lt;/ZTolerance&gt;&lt;MTolerance&gt;0.001&lt;/MTolerance&gt;&lt;HighPrecision&gt;true&lt;/HighPrecision&gt;&lt;WKID&gt;102139&lt;/WKID&gt;&lt;LatestWKID&gt;3067&lt;/LatestWKID&gt;&lt;/ProjectedCoordinateSystem&gt;</peXml></coordRef><lineage><Process Name="Copy Features (5)" ToolSource="f:\program files (x86)\arcgis\desktop10.1\ArcToolbox\Toolboxes\Data Management Tools.tbx\CopyFeatures" Date="20130415" Time="163443">CopyFeatures "Database Connections\inspire1_sdereader_sql_prod_gis.sde\INSPIRE1.GEO.ValumaJako\INSPIRE1.GEO.Paajako" \\kkg43\gispro\projekti\GIS_paivitys\datapaketit_internetpalveluun\Oiva\valumaaluejako\Paajako.shp # 0 0 0</Process></lineage><copyHistory><copy source="C:\Users\kghag20\OneDrive - Oulun yliopisto\20210104-Softwares\GIS_Database\OmaShapefiles\TemmesBasin" dest="\\OY2012087\C$\Users\kghag20\OneDrive - Oulun yliopisto\20210104-Softwares\GIS_Database\OmaShapefiles\Temmes\TemmesBasin" date="20211201" time="16154400"></copy></copyHistory></DataProperties><SyncDate>20130415</SyncDate><SyncTime>16345300</SyncTime><ModDate>20130415</ModDate><ModTime>16345300</ModTime></Esri><eainfo><detailed Name="Paajako"><enttyp><enttypl Sync="TRUE">Paajako</enttypl><enttypt Sync="TRUE">Feature Class</enttypt><enttypc Sync="TRUE">79</enttypc></enttyp><attr><attrlabl Sync="TRUE">FID</attrlabl><attalias Sync="TRUE">FID</attalias><attrtype Sync="TRUE">OID</attrtype><attwidth Sync="TRUE">4</attwidth><atprecis Sync="TRUE">0</atprecis><attscale Sync="TRUE">0</attscale><attrdef Sync="TRUE">Internal feature number.</attrdef><attrdefs Sync="TRUE">Esri</attrdefs><attrdomv><udom Sync="TRUE">Sequential unique whole numbers that are automatically generated.</udom></attrdomv></attr><attr><attrlabl Sync="TRUE">Shape</attrlabl><attalias Sync="TRUE">Shape</attalias><attrtype Sync="TRUE">Geometry</attrtype><attwidth Sync="TRUE">0</attwidth><atprecis Sync="TRUE">0</atprecis><attscale Sync="TRUE">0</attscale><attrdef Sync="TRUE">Feature geometry.</attrdef><attrdefs Sync="TRUE">Esri</attrdefs><attrdomv><udom Sync="TRUE">Coordinates defining the features.</udom></attrdomv></attr><attr><attrlabl Sync="TRUE">PaajakoTun</attrlabl><attalias Sync="TRUE">PaajakoTun</attalias><attrtype Sync="TRUE">String</attrtype><attwidth Sync="TRUE">3</attwidth><atprecis Sync="TRUE">0</atprecis><attscale Sync="TRUE">0</attscale></attr><attr><attrlabl Sync="TRUE">Shape_STAr</attrlabl><attalias Sync="TRUE">Shape_STAr</attalias><attrtype Sync="TRUE">Double</attrtype><attwidth Sync="TRUE">19</attwidth><atprecis Sync="TRUE">0</atprecis><attscale Sync="TRUE">0</attscale></attr><attr><attrlabl Sync="TRUE">Shape_STLe</attrlabl><attalias Sync="TRUE">Shape_STLe</attalias><attrtype Sync="TRUE">Double</attrtype><attwidth Sync="TRUE">19</attwidth><atprecis Sync="TRUE">0</atprecis><attscale Sync="TRUE">0</attscale></attr></detailed></eainfo><mdLang xmlns:xsi="http://www.w3.org/2001/XMLSchema-instance"><languageCode value="fin">suomi</languageCode><countryCode value="FIN" Sync="TRUE"></countryCode></mdLang><mdChar xmlns:xsi="http://www.w3.org/2001/XMLSchema-instance"><CharSetCd value="004">utf8</CharSetCd></mdChar><mdHrLv xmlns:xsi="http://www.w3.org/2001/XMLSchema-instance"><ScopeCd value="005">tietoaineisto</ScopeCd></mdHrLv><mdContact xmlns:xsi="http://www.w3.org/2001/XMLSchema-instance"><rpOrgName>Suomen ympäristökeskus</rpOrgName><role><RoleCd value="007">yhteyshenkilö</RoleCd></role><rpCntInfo><cntAddress><delPoint>PL 140</delPoint><city>HELSINKI</city><postCode>00251</postCode><eMailAdd>gistuki.syke@ymparisto.fi</eMailAdd></cntAddress><cntPhone><voiceNum>020 610 123 (vaihde)</voiceNum></cntPhone></rpCntInfo></mdContact><mdDateSt xmlns:xsi="http://www.w3.org/2001/XMLSchema-instance" Sync="TRUE">20130415</mdDateSt><distInfo xmlns:xsi="http://www.w3.org/2001/XMLSchema-instance"><distributor><distorTran><onLineSrc><orDesc>NaN</orDesc><OnLinkage>http://www.ymparisto.fi/oiva</OnLinkage><orFunct><OnFunctCd value="1"/></orFunct></onLineSrc></distorTran><distorFormat><formatVer>3.x</formatVer><checkValue>True</checkValue><formatName>ESRI shapefile</formatName></distorFormat><distorCont><checkValue>True</checkValue></distorCont></distributor><distFormat><formatName Sync="TRUE">Shapefile</formatName></distFormat><distTranOps><transSize Sync="TRUE">3.241</transSize></distTranOps></distInfo><dataIdInfo xmlns:xsi="http://www.w3.org/2001/XMLSchema-instance"><dataLang><languageCode value="fin">suomi</languageCode><countryCode value="FIN" Sync="TRUE"></countryCode></dataLang><idCitation><resAltTitle>Valuma-aluejako</resAltTitle><resEdDate>2010-05-11</resEdDate><resRefDate><refDate>2010-05-11</refDate><refDateType><DateTypCd value="003">Päivitys</DateTypCd></refDateType></resRefDate><resRefDate><refDate>1991-01-01</refDate><refDateType><DateTypCd value="001">Luonti</DateTypCd></refDateType></resRefDate><citId>NaN</citId><citIdType>FI</citIdType><citRespParty><rpOrgName>Suomen ympäristökeskus</rpOrgName><role><RoleCd value="003">omistaja</RoleCd></role><rpCntInfo><cntAddress><delPoint>PL 140</delPoint><city>HELSINKI</city><postCode>00251</postCode><eMailAdd>gistuki.syke@ymparisto.fi</eMailAdd></cntAddress><cntPhone><voiceNum>020 610 123 (vaihde)</voiceNum></cntPhone></rpCntInfo></citRespParty><resTitle Sync="TRUE">Paajako</resTitle><presForm><PresFormCd value="005" Sync="TRUE"></PresFormCd></presForm></idCitation><spatRpType><SpatRepTypCd value="001">vektori</SpatRepTypCd></spatRpType><geoBox><westBL>16.34758</westBL><eastBL>33.835146</eastBL><northBL>70.299496</northBL><southBL>59.673943</southBL></geoBox><idStatus><ProgCd value="001">valmis</ProgCd></idStatus><idAbs>Tämä aineisto sisältää Suomen päävesistöalueet, valuma-aluejaon sekä purkupisteet. Hierarkinen valuma-aluejako sisältää enimmillään 3 jakovaihetta. Valuma-aluejaon hierarkisuutta voidaan kuvata käyttämällä aineistoon liittyviä valuma-alueiden reunaviivoja sekä valuma-aluetunnusta.

Päävesistöalueita on 74 kappaletta, niiden pinta-ala on yli 200 km2  ja numerointi alkaa Laatokkaan laskevista vesistöalueista ja kiertää rannikkoalueet myötäpäivään päättyen Vienan mereen laskeviin vesistöihin. Kussakin osajaossa aina kolmanteen jakovaiheeseen asti on käsiteltävä alue jaettu enintään 9 osa-alueeseen, jolloin yhdellä vesistöalueella on enintään 729 osa-aluetta. Näin on tehty päävesistöalueen koon ollessa yli 10 000 km2. Kooltaan 1 000-10 000 km2 suuruiset päävesistöalueet on jaettu kahteen jakovaiheeseen, jolloin osa-alueita on vesistöalueella enintään 81 kappaletta. Alle 1 000 km2 suuruiset päävesistöalueet on jaettu enimmillään yhdeksään osa-alueeseen.</idAbs><idPurp>Valuma-aluejako on tehty pääasiassa hydrologisen seurannan tarkoituksiin. Purkupisteet voivat sijaita sivu-uoman tai järven luusuan lisäksi myös esimerkiksi voimalan tai muun hydrologisen mittauspaikan kohdalla. Valuma-alueiden koko voi vaihdella huomattavasti (n.2 km2-  n.3500 km2)  johtuen valitusta tunnusjärjestelmästä sekä Suomen luonnonmaantieteellisistä erityispiirteistä (mm. järviset alueet)  Vesipolitiikan puitedirektiivin vesienhoidon suunnittelujärjestelmä perustuu valuma-alueajattelulle, mm. direktiivin mukaiset vesienhoitoalueet on muodostettu päävesistöalueista.</idPurp><tpCat><TopicCatCd value="012">sisävedet</TopicCatCd></tpCat><descKeys><keyTyp><KeyTypCd value="005">Teema</KeyTypCd></keyTyp><keyword>Hydrografia</keyword><thesaName><resTitle>GEMET - INSPIRE themes, version 1.0</resTitle><Citation><resRefDate><DateRef><refDate>2008-06-01</refDate><refDateType><DateTypCd value="002">julkaisu</DateTypCd></refDateType></DateRef></resRefDate></Citation></thesaName></descKeys><descKeys><keyTyp><KeyTypCd value="005">Teema</KeyTypCd></keyTyp><keyword>pintavesi</keyword><keyword>valuma-alue</keyword><thesaName><resTitle>GEMET - Themes, version 2.3</resTitle><Citation><resRefDate><DateRef><refDate>2009-07-13</refDate><refDateType><DateTypCd value="002">julkaisu</DateTypCd></refDateType></DateRef></resRefDate></Citation></thesaName></descKeys><descKeys><keyTyp><KeyTypCd value="005">Teema</KeyTypCd></keyTyp><keyword>pinta- ja pohjavedet</keyword><thesaName><resTitle>SYKEn teemaluokittelu</resTitle><Citation><resRefDate><DateRef><refDate>2004-11-01</refDate><refDateType><DateTypCd value="002">julkaisu</DateTypCd></refDateType></DateRef></resRefDate></Citation></thesaName></descKeys><descKeys><keyTyp><KeyTypCd value="005">Teema</KeyTypCd></keyTyp><keyword>hydrologia</keyword><thesaName><resTitle>Paikkatietohakemiston hakusanasto</resTitle><Citation><resRefDate><DateRef><refDate>2006-11-15</refDate><refDateType><DateTypCd value="002">julkaisu</DateTypCd></refDateType></DateRef></resRefDate></Citation></thesaName></descKeys><descKeys><keyTyp><KeyTypCd value="001">Ala</KeyTypCd></keyTyp></descKeys><descKeys><keyTyp><KeyTypCd value="002">Paikka</KeyTypCd></keyTyp></descKeys><descKeys><keyTyp><KeyTypCd value="003">Esiintymä</KeyTypCd></keyTyp></descKeys><descKeys><keyTyp><KeyTypCd value="004">Aikajakso</KeyTypCd></keyTyp></descKeys><resConst><Consts><useLimit>Aineiston omistus- ja immateriaalioikeudet säilyvät ympäristöhallinnon viranomaisella, ja käyttäjä saa aineistoon alla mainitun rinnakkaisen käyttöoikeuden. Käyttöoikeutta ei saa luovuttaa kolmannelle. Aineistoa saa käyttää seuraavalla tavalla: 
aineistosta saa valmistaa kappaleita millä tahansa tekniikalla, kuten tulostaa sitä tai tallentaa sitä omiin tiedostoihin. Aineistoa saa saattaa yleisön saataviin millä tahansa tavalla. Aineistoa käytettäessä on aina mainittava tiedon lähteenä luovutetun aineiston mukana toimitettu tieto lähteestä sekä aineiston luovuttamisen ajankohta. 
Käyttöoikeus on voimassa toistaiseksi.</useLimit></Consts><LegConsts><accessConsts><RestrictCd value="005">lisenssi</RestrictCd></accessConsts><useConsts><RestrictCd value="005">lisenssi</RestrictCd></useConsts><othConsts>© SYKE</othConsts></LegConsts><SecConsts><class><ClasscationCd value="001">julkinen</ClasscationCd></class></SecConsts></resConst><resMaint><maintFreq><MaintFreqCd value="011">ei suunnitteilla</MaintFreqCd></maintFreq><maintScp><ScopeCd value="005">tietoaineisto</ScopeCd></maintScp></resMaint><dataScale><equScale><rfDenom>50000</rfDenom></equScale></dataScale><crossref><citeinfo><onlink>http://geoportal.ymparisto.fi/meta/julkinen/dokumentit/valuma-aluejako.pdf</onlink></citeinfo></crossref><GraphOver><bgFileName>http://geoportal.ymparisto.fi/meta/julkinen/kuvat/valuma-aluejako.gif</bgFileName></GraphOver><envirDesc Sync="TRUE">Microsoft Windows Server 2008 R2 Version 6.1 (Build 7601) Service Pack 1; Esri ArcGIS 10.1.1.3143</envirDesc><dataExt><geoEle><GeoBndBox esriExtentType="search"><exTypeCode Sync="TRUE">1</exTypeCode><westBL Sync="TRUE">16.342400</westBL><eastBL Sync="TRUE">33.831184</eastBL><northBL Sync="TRUE">70.300162</northBL><southBL Sync="TRUE">59.673963</southBL></GeoBndBox></geoEle></dataExt></dataIdInfo><dqInfo xmlns:xsi="http://www.w3.org/2001/XMLSchema-instance"><dataLineage><statement>Ensimmäinen koko Suomen kattava vesistöaluerajaus valmistui vuonna 1863 ja julkaistiin Ylitirehtööri valtioneuvos Cl. W. Gyldenin toimesta Keisarillisessa Tie- ja Vesikulkulaitosten Ylihallituksessa nimellä "Suomenmaan joet ja järvet". Vuonna 1936 ilmestyi Hydrografisen toimiston julkaisuna T. V. Olinin teos “Suomen vesistöjen alueet ja järvet”. Teokseen koottiin tiedot kaikista niistä “sadealueista”, joiden pinta-ala Suomen alueella oli vähintään 200 neliökilometriä. Rajaus toteutettiin Suomen yleiskartalle (1: 400 000). Suomessa nykyisin käytössä oleva vesistöaluenumerointi toteutettiin vuonna 1968 maataloushallituksen insinööriosastossa yli-insinööri Matti Väreen johdolla. Prosessi saatettiin DI Pertti Seunan johtamana niin sanotun toisen jakovaiheen osalta päätökseen 1971, jolloin ilmestyi Vesihallituksen julkaisuja -sarjassa tutkimus “Suomen vesistöalueet”. Peruskartoituksen loppuunsaattaminen (mittakaavassa 1:20 000) vuonna 1978 ja peruskartan pienennösten valmistuminen (mittakaavassa 1:50 000) vuosina 1983 - 1987 mahdollistivat valuma-alueiden entistä tarkemman ja pienempiä osa-alueita käsittävän rajaamisen. Valuma-alueiden rajaus suoritettiin topografian ja vesistöjen perusteella 1:50 000 mittakaavaisille paperikartoille, joilta alueet digitoitiin FINGIS-ohjelmalla sokkodigitointina vesien- ja ympäristön-tutkimuslaitoksen hydrologian toimistossa vuosina 1984-1990 hydrologi Matti Ekholmin johdolla. Numeerinen vesistöaluerekisteri valmistui 1991 ja liitettiin osaksi ympäristöhallinnon ympäristötietojärjestelmää samana vuonna. Vesistöalueluettelot nimi-, vesistötunnus-, pinta-ala- ja järvisyystietoineen julkaistiin myös painetussa muodossa Suomen vesistöalueet -teoksena (Matti Ekholm: Suomen vesistöalueet 1993, Vesi- ja ympäristöhallinnon julkaisuja, Sarja A 126). Julkaisuun liittyvät 1:400 000-mittakaavaiset vesistöalue- ja purkupistekartat painettiin vuosina 1989-1991.</statement></dataLineage><dqReport><DQDomConsis><measResult><ConResult><conPass>false</conPass></ConResult></measResult></DQDomConsis></dqReport></dqInfo><spatRepInfo xmlns:xsi="http://www.w3.org/2001/XMLSchema-instance"><VectSpatRep><geometObjs Name="Paajako"><geoObjTyp><GeoObjTypCd value="002" Sync="TRUE"></GeoObjTypCd></geoObjTyp><geoObjCnt Sync="TRUE">79</geoObjCnt></geometObjs><topLvl><TopoLevCd value="001" Sync="TRUE"></TopoLevCd></topLvl></VectSpatRep></spatRepInfo><refSysInfo xmlns:xsi="http://www.w3.org/2001/XMLSchema-instance"><RefSystem><refSysID><identCode value="ETRS-TM35FIN: 3067">ETRS-TM35FIN: 3067</identCode><identAuth><citIdType>EPSG</citIdType></identAuth><idCodeSpace Sync="TRUE">EPSG</idCodeSpace><idVersion Sync="TRUE">7.11.2</idVersion></refSysID></RefSystem></refSysInfo><mdHrLvName Sync="TRUE">dataset</mdHrLvName><spdoinfo><ptvctinf><esriterm Name="Paajako"><efeatyp Sync="TRUE">Simple</efeatyp><efeageom code="4" Sync="TRUE"></efeageom><esritopo Sync="TRUE">FALSE</esritopo><efeacnt Sync="TRUE">79</efeacnt><spindex Sync="TRUE">TRUE</spindex><linrefer Sync="TRUE">FALSE</linrefer></esriterm></ptvctinf></spdoinfo></metadata>
