<?xml version="1.0" encoding="UTF-8"?>
<metadata xml:lang="en"><Esri><CreaDate>20220714</CreaDate><CreaTime>10125100</CreaTime><ArcGISFormat>1.0</ArcGISFormat><SyncOnce>TRUE</SyncOnce><DataProperties><lineage><Process ToolSource="c:\program files (x86)\arcgis\desktop10.7\ArcToolbox\Toolboxes\Data Management Tools.tbx\CalculateField" Date="20210601" Time="172258">CalculateField Field_bound-Isosuo Area_ha [Shape] VB #</Process></lineage><itemProps><itemLocation><linkage Sync="TRUE">file://\\OY2012087\C$\Users\kghag20\OneDrive - Oulun yliopisto\20210104-Softwares\GIS_Database\OmaShapefiles\TyrnäväField\Field_bound-Isosuo</linkage><protocol Sync="TRUE">Local Area Network</protocol></itemLocation></itemProps><copyHistory><copy source="C:\Users\kghag20\OneDrive - Oulun yliopisto\20210104-Softwares\GIS_Database\OmaShapefiles\Field_bound-Isosuo" dest="\\OY2012087\C$\Users\kghag20\OneDrive - Oulun yliopisto\20210104-Softwares\GIS_Database\OmaShapefiles\TyrnäväField\Field_bound-Isosuo" date="20211201" time="16120400"></copy></copyHistory></DataProperties></Esri></metadata>
